"#017C1964","extra3"
"#05AB0DA3","albinssonp"
"#05CE5A91","extra2"
"#0AACA80E","rardinp"
"#0E2FFFDE","wheelerd"
"#0E439CD1","udogoe"
"#0E44D399","sibleyb"
"#0E8C880A","crepeaur"
"#0E8FAB2A","fiskeb"
"#0EA46BC1","extra1"
"#0EA72089","spauldingt"
"#0EA87DDB","williamsk"
"#22566E1A","villanovap"
"#225D9FE0","szetok"
"#22879F3A","dolls"
"#2328313A","thaxtonc"
"#232F363A","dubinoj"
"#24081D31","waldrouph"
"#2408200C","behrentm"
"#240AF8D6","daltonj"
"#240B052A","howardb"
"#240E173D","reedr"
"#24104672","wrighta"
"#2410A296","leec"
"#24145A6A","wests"
"#24175162","spicelandd"
"#241796A5","xiew"
"#24181925","kelleyc"
"#241B5E61","zrullm"
"#241D6C55","orkiszewskip"
"#241E6C56","wilsonm"
"#241EEFD5","fittss"
"#2422DBDD","dunstonl"
"#311DC4E8","cheneya"
"#311DDCF0","gatesp"
"#3127E4F2","colliers"
"#312E4A55","gambrell"
"#3139FCF4","shulstadr"
"#3142196A","marshalls"
"#314BEA90","salinasr"
"#314FCEB0","extra5"
"#31602A7B","ignatova"
"#31629CCF","fryeb"
"#316C411C","fenwickj"
"#317185C5","mohrt"
"#317C6A27","williamsr"
"#3183DB69","osinsky"
"#32517310","weddellm"
"#3297B015","cookm"
"#329AE941","hesterb"
"#329B6CC5","extra4"
"#32D00CEE","hartleyr"
